{
  "losses": [
    18.061217036219254,
    17.460114275659922,
    17.361787141771366,
    17.314132829191735,
    17.27681839290903,
    17.253834210165106,
    17.23394244065838,
    17.218998031561874,
    17.204664240982453,
    17.19560780903092,
    17.185290159080935,
    17.17564013880429,
    17.16953682260832,
    17.15987828367386,
    17.1541144205002,
    17.1460673024042,
    17.140988441296052,
    17.13707203247613,
    17.13164461478661,
    17.127359007536626,
    17.12422412907038,
    17.118702461931317,
    17.114162614876264,
    17.109930669905616,
    17.106585116092024,
    17.10520423842376,
    17.10082758673658,
    17.097657985254536,
    17.095215111731722,
    17.09335344172301,
    17.089292627135862,
    17.085863226719034,
    17.086095528999703,
    17.081671671212494,
    17.078921159577867,
    17.07767691932145,
    17.07389842732067,
    17.073519779453555,
    17.072492578911557,
    17.07143149060984,
    17.067704276354704,
    17.06940462723205,
    17.06798469487263,
    17.062614186023882,
    17.064196269126093,
    17.05962769951983,
    17.060126841782704,
    17.05842238609336,
    17.057009489778242,
    17.054120463136794,
    17.052399038320054,
    17.05020794674474,
    17.051071125178026,
    17.051107239624635,
    17.049203414116494,
    17.046139054934063,
    17.045171347427488,
    17.044841841437364,
    17.044704208768973,
    17.042414530866843,
    17.041175094169517,
    17.03982719899433,
    17.03781586782118,
    17.041136275652164,
    17.039206600941334,
    17.038020991294996,
    17.035621754162193,
    17.037149808166863,
    17.035215869571303,
    17.035043978083934,
    17.034300114734663,
    17.028854420777925,
    17.03392314751849,
    17.029542289167704,
    17.029960610058676,
    17.02979330444495,
    17.029885307029453,
    17.028120280215013,
    17.026314683890394,
    17.02651454782534,
    17.02624631959312,
    17.02579174227957,
    17.025851468241736,
    17.024571414057284,
    17.02437354331922,
    17.022989494898393,
    17.023414918961628,
    17.021614798403466,
    17.020081941800566,
    17.020060520889785,
    17.01883140877803,
    17.018688107772736,
    17.019431305607558,
    17.01989189875953,
    17.01736174761924,
    17.018784687781903,
    17.01809805970218,
    17.01886830381086,
    17.018609539991918,
    17.01481104037911
  ],
  "metrics": {
    "both": {
      "optimistic": {
        "adjusted_arithmetic_mean_rank": 0.13118265152149697,
        "adjusted_arithmetic_mean_rank_index": 0.868824622330458,
        "adjusted_geometric_mean_rank_index": 0.9896506427691908,
        "adjusted_hits_at_k": 0.08196593934982568,
        "adjusted_inverse_harmonic_mean_rank": 0.0370431909100545,
        "arithmetic_mean_rank": 15669.100549591336,
        "count": 921048.0,
        "geometric_mean_rank": 910.0371022323857,
        "harmonic_mean_rank": 26.9574558334917,
        "hits_at_1": 0.012955893721065568,
        "hits_at_10": 0.08200441236504503,
        "hits_at_3": 0.03275073611798734,
        "hits_at_5": 0.04589337363525028,
        "inverse_arithmetic_mean_rank": 6.38198725469332e-05,
        "inverse_geometric_mean_rank": 0.0010988562966794749,
        "inverse_harmonic_mean_rank": 0.037095488764841415,
        "inverse_median_rank": 0.0008278145695364238,
        "median_absolute_deviation": 1773.1922533327,
        "median_rank": 1208.0,
        "standard_deviation": 37852.50414697181,
        "variance": 1432812070.1965184,
        "z_arithmetic_mean_rank": 1443.4472051543016,
        "z_geometric_mean_rank": 953.109068993551,
        "z_hits_at_k": 12151.132260894907,
        "z_inverse_harmonic_mean_rank": 13542.428513702402
      },
      "pessimistic": {
        "adjusted_arithmetic_mean_rank": 0.13118288755402147,
        "adjusted_arithmetic_mean_rank_index": 0.8688243862959574,
        "adjusted_geometric_mean_rank_index": 0.989650598178883,
        "adjusted_hits_at_k": 0.08196593934982568,
        "adjusted_inverse_harmonic_mean_rank": 0.037043101570371884,
        "arithmetic_mean_rank": 15669.128742475963,
        "count": 921048.0,
        "geometric_mean_rank": 910.0410188277127,
        "harmonic_mean_rank": 26.957520753664756,
        "hits_at_1": 0.012955893721065568,
        "hits_at_10": 0.08200441236504503,
        "hits_at_3": 0.03275073611798734,
        "hits_at_5": 0.04589337363525028,
        "inverse_arithmetic_mean_rank": 6.381975771819363e-05,
        "inverse_geometric_mean_rank": 0.0010988515674690902,
        "inverse_harmonic_mean_rank": 0.037095399430010806,
        "inverse_median_rank": 0.0008278145695364238,
        "median_absolute_deviation": 1773.1922533327,
        "median_rank": 1208.0,
        "standard_deviation": 37852.52696929277,
        "variance": 1432813797.9610362,
        "z_arithmetic_mean_rank": 1443.4468130114785,
        "z_geometric_mean_rank": 953.1090260496828,
        "z_hits_at_k": 12151.132260894907,
        "z_inverse_harmonic_mean_rank": 13542.395852470052
      },
      "realistic": {
        "adjusted_arithmetic_mean_rank": 0.1311827826392283,
        "adjusted_arithmetic_mean_rank_index": 0.8688244912116289,
        "adjusted_geometric_mean_rank_index": 0.989650629485091,
        "adjusted_hits_at_k": 0.08196593934982568,
        "adjusted_inverse_harmonic_mean_rank": 0.03704314455697942,
        "arithmetic_mean_rank": 15669.1162109375,
        "count": 921048.0,
        "geometric_mean_rank": 910.0382690429688,
        "harmonic_mean_rank": 26.95748951668914,
        "hits_at_1": 0.012955893721065568,
        "hits_at_10": 0.08200441236504503,
        "hits_at_3": 0.03275073611798734,
        "hits_at_5": 0.04589337363525028,
        "inverse_arithmetic_mean_rank": 6.381981074810028e-05,
        "inverse_geometric_mean_rank": 0.0010988549329340458,
        "inverse_harmonic_mean_rank": 0.03709544241428375,
        "inverse_median_rank": 0.0008278145687654614,
        "median_absolute_deviation": 1773.1922533327,
        "median_rank": 1208.0,
        "standard_deviation": 37852.515625,
        "variance": 1432812800.0,
        "z_arithmetic_mean_rank": 1443.4469873161988,
        "z_geometric_mean_rank": 953.1090561999495,
        "z_hits_at_k": 12151.132260894907,
        "z_inverse_harmonic_mean_rank": 13542.4115677215
      }
    },
    "head": {
      "optimistic": {
        "adjusted_arithmetic_mean_rank": 0.1838223112797803,
        "adjusted_arithmetic_mean_rank_index": 0.8161846348973815,
        "adjusted_geometric_mean_rank_index": 0.9595562933914686,
        "adjusted_hits_at_k": 0.007794431630084041,
        "adjusted_inverse_harmonic_mean_rank": 0.004404944860326029,
        "arithmetic_mean_rank": 21599.354943499144,
        "count": 460524.0,
        "geometric_mean_rank": 3494.565028394639,
        "harmonic_mean_rank": 224.2218828276079,
        "hits_at_1": 0.0007708610191868394,
        "hits_at_10": 0.007836725121817755,
        "hits_at_3": 0.0024320122295472114,
        "hits_at_5": 0.003556817885712797,
        "inverse_arithmetic_mean_rank": 4.62976789175352e-05,
        "inverse_geometric_mean_rank": 0.0002861586468915669,
        "inverse_harmonic_mean_rank": 0.004459867999453229,
        "inverse_median_rank": 0.00024003840614498319,
        "median_absolute_deviation": 5801.422481012421,
        "median_rank": 4166.0,
        "standard_deviation": 44610.45367192547,
        "variance": 1990092576.8150084,
        "z_arithmetic_mean_rank": 958.5511472539258,
        "z_geometric_mean_rank": 652.5928794503511,
        "z_hits_at_k": 810.1499420220706,
        "z_inverse_harmonic_mean_rank": 1129.087082393293
      },
      "pessimistic": {
        "adjusted_arithmetic_mean_rank": 0.18382271477507892,
        "adjusted_arithmetic_mean_rank_index": 0.8161842313986488,
        "adjusted_geometric_mean_rank_index": 0.9595560689709044,
        "adjusted_hits_at_k": 0.007794431630084041,