{
  "losses": [
    18.060661776039403,
    17.462418525266923,
    17.366528414795273,
    17.316153372070875,
    17.27822858024968,
    17.255231565296477,
    17.234755956161198,
    17.21952616266788,
    17.204984087901455,
    17.194764858711437,
    17.184541786428962,
    17.17483088148728,
    17.168881404657895,
    17.15899287902617,
    17.153610272134678,
    17.14600951168886,
    17.141358209087873,
    17.136456485255668,
    17.131228030243573,
    17.12624807307757,
    17.123340973043792,
    17.117910188519133,
    17.112929272675693,
    17.109483111705277,
    17.106058941239326,
    17.10430596270149,
    17.09927443373225,
    17.09677942192704,
    17.093758831535084,
    17.09225827932018,
    17.08773330419037,
    17.08451978332723,
    17.084597838503548,
    17.080122650885222,
    17.07775615278238,
    17.07557651023572,
    17.07236885478605,
    17.07228947693042,
    17.070563485059722,
    17.069883121682253,
    17.066087573413633,
    17.068071419297375,
    17.065702119645767,
    17.06100409846738,
    17.061793171572138,
    17.057870574455233,
    17.058402377387935,
    17.056296734176534,
    17.05538888350846,
    17.052928009552733,
    17.051618737342462,
    17.04847010165288,
    17.049653961929923,
    17.049908896539232,
    17.04759800275487,
    17.04376245490109,
    17.043512813228965,
    17.04381301445042,
    17.04266562155536,
    17.041071259270936,
    17.040233509645674,
    17.03804547063662,
    17.036144318749773,
    17.039837198741523,
    17.0380483070747,
    17.03617968176742,
    17.033792392153,
    17.036542677918266,
    17.033953359674324,
    17.033057599759676,
    17.032872990074537,
    17.02693535960773,
    17.033215187391363,
    17.02845850127685,
    17.027762411036907,
    17.02781296366139,
    17.028226965335104,
    17.026213049172103,
    17.023952760395893,
    17.024110932663763,
    17.02395936700015,
    17.023815863882035,
    17.023702895637598,
    17.022172334738148,
    17.02209478235889,
    17.02051259604661,
    17.02156995649331,
    17.020125783086588,
    17.017761962547894,
    17.017869258744504,
    17.0171637216519,
    17.01661636232729,
    17.016827398495725,
    17.01720222858418,
    17.015077823637192,
    17.01696175849368,
    17.015422772670377,
    17.01652374190709,
    17.01652545893834,
    17.01236749544413
  ],
  "metrics": {
    "both": {
      "optimistic": {
        "adjusted_arithmetic_mean_rank": 0.13492811038055563,
        "adjusted_arithmetic_mean_rank_index": 0.8650791321139301,
        "adjusted_geometric_mean_rank_index": 0.9895427953820488,
        "adjusted_hits_at_k": 0.08186713471229086,
        "adjusted_inverse_harmonic_mean_rank": 0.04183662512132754,
        "arithmetic_mean_rank": 16116.476561482137,
        "count": 921048.0,
        "geometric_mean_rank": 919.5098911316779,
        "harmonic_mean_rank": 23.872807982503346,
        "hits_at_1": 0.0202389017727632,
        "hits_at_10": 0.08190561186821968,
        "hits_at_3": 0.036593098296722866,
        "hits_at_5": 0.04878030243809226,
        "inverse_arithmetic_mean_rank": 6.204830169827368e-05,
        "inverse_geometric_mean_rank": 0.001087535881500154,
        "inverse_harmonic_mean_rank": 0.04188866264634271,
        "inverse_median_rank": 0.0008257638315441783,
        "median_absolute_deviation": 1777.6400599882168,
        "median_rank": 1211.0,
        "standard_deviation": 39125.64507274171,
        "variance": 1530816102.3581579,
        "z_arithmetic_mean_rank": 1437.224525402802,
        "z_geometric_mean_rank": 953.0052037321042,
        "z_hits_at_k": 12136.484857007405,
        "z_inverse_harmonic_mean_rank": 15294.835327114391
      },
      "pessimistic": {
        "adjusted_arithmetic_mean_rank": 0.13492827474070923,
        "adjusted_arithmetic_mean_rank_index": 0.8650789677524005,
        "adjusted_geometric_mean_rank_index": 0.9895427504803507,
        "adjusted_hits_at_k": 0.08186496318179559,
        "adjusted_inverse_harmonic_mean_rank": 0.04183654580753397,
        "arithmetic_mean_rank": 16116.496193466573,
        "count": 921048.0,
        "geometric_mean_rank": 919.5138350780236,
        "harmonic_mean_rank": 23.872853181934342,
        "hits_at_1": 0.0202389017727632,
        "hits_at_10": 0.08190344042872902,
        "hits_at_3": 0.036593098296722866,
        "hits_at_5": 0.04878030243809226,
        "inverse_arithmetic_mean_rank": 6.204822611538775e-05,
        "inverse_geometric_mean_rank": 0.0010875312168795665,
        "inverse_harmonic_mean_rank": 0.04188858333685665,
        "inverse_median_rank": 0.0008257638315441783,
        "median_absolute_deviation": 1777.6400599882168,
        "median_rank": 1211.0,
        "standard_deviation": 39125.65952650819,
        "variance": 1530817233.3842413,
        "z_arithmetic_mean_rank": 1437.2242523359662,
        "z_geometric_mean_rank": 953.0051604883433,
        "z_hits_at_k": 12136.162936042845,
        "z_inverse_harmonic_mean_rank": 15294.806331194948
      },
      "realistic": {
        "adjusted_arithmetic_mean_rank": 0.13492820032331662,
        "adjusted_arithmetic_mean_rank_index": 0.8650790421704161,
        "adjusted_geometric_mean_rank_index": 0.9895427822183904,
        "adjusted_hits_at_k": 0.08186496318179559,
        "adjusted_inverse_harmonic_mean_rank": 0.041836583177119316,
        "arithmetic_mean_rank": 16116.4873046875,
        "count": 921048.0,
        "geometric_mean_rank": 919.5110473632812,
        "harmonic_mean_rank": 23.872831885693053,
        "hits_at_1": 0.0202389017727632,
        "hits_at_10": 0.08190344042872902,
        "hits_at_3": 0.036593098296722866,
        "hits_at_5": 0.04878030243809226,
        "inverse_arithmetic_mean_rank": 6.20482605881989e-05,
        "inverse_geometric_mean_rank": 0.001087534474208951,
        "inverse_harmonic_mean_rank": 0.04188862070441246,
        "inverse_median_rank": 0.0008257638546638191,
        "median_absolute_deviation": 1777.6400599882168,
        "median_rank": 1211.0,
        "standard_deviation": 39125.65234375,
        "variance": 1530816640.0,
        "z_arithmetic_mean_rank": 1437.2243759725138,
        "z_geometric_mean_rank": 953.0051910544969,
        "z_hits_at_k": 12136.162936042845,
        "z_inverse_harmonic_mean_rank": 15294.819992948314
      }
    },
    "head": {
      "optimistic": {
        "adjusted_arithmetic_mean_rank": 0.18934325220211262,
        "adjusted_arithmetic_mean_rank_index": 0.8106636469884256,
        "adjusted_geometric_mean_rank_index": 0.9584956394586823,
        "adjusted_hits_at_k": 0.007286293129490801,
        "adjusted_inverse_harmonic_mean_rank": 0.004541316923152528,
        "arithmetic_mean_rank": 22248.072510878912,
        "count": 460524.0,
        "geometric_mean_rank": 3586.1853025371215,
        "harmonic_mean_rank": 217.56949664321652,
        "hits_at_1": 0.0010314337580668977,
        "hits_at_10": 0.007328608281001642,
        "hits_at_3": 0.002436355108528546,
        "hits_at_5": 0.004032363134168903,
        "inverse_arithmetic_mean_rank": 4.494771398785301e-05,
        "inverse_geometric_mean_rank": 0.0002788478329027028,
        "inverse_harmonic_mean_rank": 0.004596232539159016,
        "inverse_median_rank": 0.00023153507756425097,
        "median_absolute_deviation": 6000.091178292171,
        "median_rank": 4319.0,
        "standard_deviation": 46217.09863910769,
        "variance": 2136020206.6170094,
        "z_arithmetic_mean_rank": 952.0671373034444,
        "z_geometric_mean_rank": 651.8715302091815,
        "z_hits_at_k": 757.3342402067021,
        "z_inverse_harmonic_mean_rank": 1164.0423291487155
      },
      "pessimistic": {
        "adjusted_arithmetic_mean_rank": 0.18934351441676833,
        "adjusted_arithmetic_mean_rank_index": 0.8106633847715383,
        "adjusted_geometric_mean_rank_index": 0.9584954077304775,
        "adjusted_hits_at_k": 0.007286293129490801,