{
  "losses": [
    1.1919636337781296,
    0.40871125705469774,
    0.350254073843625,
    0.31632838854923423,
    0.2930025451668042,
    0.27590346556382583,
    0.2634709008750384,
    0.2543072459764733,
    0.2464703733609858,
    0.240552832188707,
    0.23512319873722312,
    0.2309994483351078,
    0.2275312558590968,
    0.22405871624368273,
    0.22120750115655274,
    0.2184979456822166,
    0.2160575251928994,
    0.21404501910178014,
    0.21176786236402856,
    0.21017062181235188,
    0.20839096201980292,
    0.20672044845265836,
    0.20530412411042853,
    0.20357579359988692,
    0.2021210133447506,
    0.20061345268693184,
    0.19914689331961016,
    0.19771174081663842,
    0.19624671479557673,
    0.1951781109352288,
    0.19392585852548372,
    0.19270766497780675,
    0.19149959527821658,
    0.19051748043026623,
    0.1895702717833018,
    0.18856848842501142,
    0.18746463833257695,
    0.1863862963154158,
    0.18575451072831414,
    0.1847695199370989,
    0.18364685970157169,
    0.1829625545468196,
    0.18234071403373242,
    0.181278469422009,
    0.18054111170147097,
    0.17983171122801955,
    0.17891431643185995,
    0.17805422652096567,
    0.1771497476432864,
    0.17685045976618335,
    0.17606685917385506,
    0.17528196420466705,
    0.17458821346350697,
    0.17389447444903894,
    0.173158688048287,
    0.17255121502836854,
    0.17193617656611615,
    0.17119169821046404,
    0.17055733217596344,
    0.1701172993059222,
    0.16942549977822227,
    0.16881425363043237,
    0.16845356935004663,
    0.1678682824797626,
    0.16744154831886357,
    0.16693046055537436,
    0.16602910925199865,
    0.16570368333367125,
    0.16530821750457167,
    0.16496672690755432,
    0.1642572032230771,
    0.16387470574710952,
    0.16331298805756692,
    0.16286236070678375,
    0.1626025526926725,
    0.16202631712699098,
    0.16194952117758551,
    0.16113230389278338,
    0.16069670862364496,
    0.1605478861954699
  ],
  "metrics": {
    "both": {
      "optimistic": {
        "adjusted_arithmetic_mean_rank": 0.02883331163672755,
        "adjusted_arithmetic_mean_rank_index": 0.9711748041639224,
        "adjusted_geometric_mean_rank_index": 0.9968539180966176,
        "adjusted_hits_at_k": 0.14445257559847066,
        "adjusted_inverse_harmonic_mean_rank": 0.05691480633205852,
        "arithmetic_mean_rank": 3450.3294240269256,
        "count": 921050.0,
        "geometric_mean_rank": 277.876419423874,
        "harmonic_mean_rank": 17.554352970239705,
        "hits_at_1": 0.017496335703816295,
        "hits_at_10": 0.14448835568101623,
        "hits_at_3": 0.05002877151077575,
        "hits_at_5": 0.08047445849845285,
        "inverse_arithmetic_mean_rank": 0.0002898273982293803,
        "inverse_geometric_mean_rank": 0.003598722058076455,
        "inverse_harmonic_mean_rank": 0.05696592757906388,
        "inverse_median_rank": 0.0032258064516129032,
        "median_absolute_deviation": 450.711074425703,
        "median_rank": 310.0,
        "standard_deviation": 9874.465216157228,
        "variance": 97505063.30509901,
        "z_arithmetic_mean_rank": 1613.6637750232296,
        "z_geometric_mean_rank": 954.7040251275994,
        "z_hits_at_k": 21436.762447106634,
        "z_inverse_harmonic_mean_rank": 20828.7807245553
      },
      "pessimistic": {
        "adjusted_arithmetic_mean_rank": 0.02883347540431962,
        "adjusted_arithmetic_mean_rank_index": 0.9711746403949618,
        "adjusted_geometric_mean_rank_index": 0.9968538728466128,
        "adjusted_hits_at_k": 0.14444823254728767,
        "adjusted_inverse_harmonic_mean_rank": 0.056914207886883124,
        "arithmetic_mean_rank": 3450.349021225775,
        "count": 921050.0,
        "geometric_mean_rank": 277.88040172939316,
        "harmonic_mean_rank": 17.55453737623789,
        "hits_at_1": 0.017496335703816295,
        "hits_at_10": 0.14448401281146517,
        "hits_at_3": 0.05002768579338798,
        "hits_at_5": 0.08047445849845285,
        "inverse_arithmetic_mean_rank": 0.00028982575207557956,
        "inverse_geometric_mean_rank": 0.0035986704847714482,
        "inverse_harmonic_mean_rank": 0.056965329166328044,
        "inverse_median_rank": 0.0032258064516129032,
        "median_absolute_deviation": 450.711074425703,
        "median_rank": 310.0,
        "standard_deviation": 9874.490635725537,
        "variance": 97505565.3150313,
        "z_arithmetic_mean_rank": 1613.663502911517,
        "z_geometric_mean_rank": 954.7039817908967,
        "z_hits_at_k": 21436.117938304214,
        "z_inverse_harmonic_mean_rank": 20828.56171505431
      },
      "realistic": {
        "adjusted_arithmetic_mean_rank": 0.028833390550233543,
        "adjusted_arithmetic_mean_rank_index": 0.971174725249757,
        "adjusted_geometric_mean_rank_index": 0.9968538974682049,
        "adjusted_hits_at_k": 0.14444823254728767,
        "adjusted_inverse_harmonic_mean_rank": 0.056914471983476524,
        "arithmetic_mean_rank": 3450.3388671875,
        "count": 921050.0,
        "geometric_mean_rank": 277.87823486328125,
        "harmonic_mean_rank": 17.554455996549738,
        "hits_at_1": 0.017496335703816295,
        "hits_at_10": 0.14448401281146517,
        "hits_at_3": 0.05002768579338798,
        "hits_at_5": 0.08047445849845285,
        "inverse_arithmetic_mean_rank": 0.0002898265956901014,
        "inverse_geometric_mean_rank": 0.0035986986476927996,
        "inverse_harmonic_mean_rank": 0.05696559324860572,
        "inverse_median_rank": 0.003225806402042508,
        "median_absolute_deviation": 450.711074425703,
        "median_rank": 310.0,
        "standard_deviation": 9874.4794921875,
        "variance": 97505336.0,
        "z_arithmetic_mean_rank": 1613.6636439027254,
        "z_geometric_mean_rank": 954.7040053714161,
        "z_hits_at_k": 21436.117938304214,
        "z_inverse_harmonic_mean_rank": 20828.658364948926
      }
    },
    "head": {
      "optimistic": {
        "adjusted_arithmetic_mean_rank": 0.04594041563612362,
        "adjusted_arithmetic_mean_rank_index": 0.954067674933797,
        "adjusted_geometric_mean_rank_index": 0.9871591162483797,
        "adjusted_hits_at_k": 0.031544571445505994,
        "adjusted_inverse_harmonic_mean_rank": 0.015264227868152012,
        "arithmetic_mean_rank": 5417.450928831226,
        "count": 460525.0,
        "geometric_mean_rank": 1114.3860795349244,
        "harmonic_mean_rank": 65.28115865026435,
        "hits_at_1": 0.003969382769665056,
        "hits_at_10": 0.03158569024482927,
        "hits_at_3": 0.010902774007925737,
        "hits_at_5": 0.01728027794365127,
        "inverse_arithmetic_mean_rank": 0.00018458865860290172,
        "inverse_geometric_mean_rank": 0.0008973550714285106,
        "inverse_harmonic_mean_rank": 0.01531835556653299,
        "inverse_median_rank": 0.0005977286312014345,
        "median_absolute_deviation": 2421.089422819648,
        "median_rank": 1673.0,
        "standard_deviation": 11493.425083038554,
        "variance": 132098820.13941976,
        "z_arithmetic_mean_rank": 1120.6742847829396,
        "z_geometric_mean_rank": 672.4952691480071,
        "z_hits_at_k": 3285.19865872944,
        "z_inverse_harmonic_mean_rank": 3920.284317211635
      },
      "pessimistic": {
        "adjusted_arithmetic_mean_rank": 0.04594067221596295,
        "adjusted_arithmetic_mean_rank_index": 0.9540674183517819,
        "adjusted_geometric_mean_rank_index": 0.9871589164804706,
        "adjusted_hits_at_k": 0.031544571445505994,
        "adjusted_inverse_harmonic_mean_rank": 0.015264060429630204,
        "arithmetic_mean_rank": 5417.4811856033875,
        "count": 460525.0,
        "geometric_mean_rank": 1114.4034006799093,
        "harmonic_mean_rank": 65.28187217981433,
        "hits_at_1": 0.003969382769665056,
        "hits_at_10": 0.03158569024482927,
        "hits_at_3": 0.010902774007925737,
        "hits_at_5": 0.01728027794365127,