{
  "losses": [
    17.89450089245547,
    17.327988307653225,
    17.228668491077386,
    17.175639755353195,
    17.137796215636143,
    17.111980817243662,
    17.09037003071343,
    17.073660140247437,
    17.06003797748018,
    17.04904845149962,
    17.034006608119373,
    17.025911330249027,
    17.015739067539382,
    17.009121842717825,
    17.00077635295213,
    16.99645866552685,
    16.990081256248455,
    16.983891418602024,
    16.97523847140013,
    16.97295993213437,
    16.968616864838875,
    16.963386836395035,
    16.958283191947697,
    16.953816668077685,
    16.952189325387575,
    16.94853566220797,
    16.942670800706342,
    16.941775332596222,
    16.939055400995898,
    16.934002705446705,
    16.929886744409448,
    16.928149301223907,
    16.92703874928821,
    16.92407692353033,
    16.921239875899747,
    16.91891593304899,
    16.917924862426826,
    16.914666834862615,
    16.913353511847543,
    16.910724836140815,
    16.908933799990695,
    16.90702845767553,
    16.904977538829772,
    16.903160346596806,
    16.899094207231418,
    16.90228075491265,
    16.898756857839107,
    16.89539634996295,
    16.897643267054317,
    16.894046198446613,
    16.89300698647219,
    16.89181934661913,
    16.89085150803742,
    16.886725832463984,
    16.888110745463823,
    16.886079569959293,
    16.88598099284352,
    16.884875982476917,
    16.88120862837361,
    16.88188246619075,
    16.879868048556016,
    16.879858128229223,
    16.880671969166816,
    16.878347479716844,
    16.87531958158794,
    16.874741886288547,
    16.87687483063476,
    16.874137137392847,
    16.874328324624383,
    16.874037232031373,
    16.869891007349217,
    16.869583028031204,
    16.87207497090233,
    16.866719116956038,
    16.869469662022112,
    16.868194656350866,
    16.86669191343178,
    16.865164790736483,
    16.86715851894318,
    16.864963824259533,
    16.865075845522565,
    16.86125919859715,
    16.862179898173657,
    16.861193306404743,
    16.861238746138117,
    16.859847803085692,
    16.86187391675745,
    16.856594794943696,
    16.85794439011964,
    16.859252267652046,
    16.857289256916363,
    16.856074633444425,
    16.858295718429858,
    16.857141736921896,
    16.853164502414128,
    16.85590001986182,
    16.855070149985917,
    16.856198055229033,
    16.85132844904583,
    16.85409665479648
  ],
  "metrics": {
    "both": {
      "optimistic": {
        "adjusted_arithmetic_mean_rank": 0.13047892360837743,
        "adjusted_arithmetic_mean_rank_index": 0.8695283561352792,
        "adjusted_geometric_mean_rank_index": 0.9871015275185161,
        "adjusted_hits_at_k": 0.07127332319111242,
        "adjusted_inverse_harmonic_mean_rank": 0.035537009933522754,
        "arithmetic_mean_rank": 15585.0438294204,
        "count": 921048.0,
        "geometric_mean_rank": 1133.9389629036366,
        "harmonic_mean_rank": 28.09826219451667,
        "hits_at_1": 0.014685445275381957,
        "hits_at_10": 0.07131224431299997,
        "hits_at_3": 0.03000820804127472,
        "hits_at_5": 0.04251787094700819,
        "inverse_arithmetic_mean_rank": 6.41640800593879e-05,
        "inverse_geometric_mean_rank": 0.0008818816820963062,
        "inverse_harmonic_mean_rank": 0.0355893895884831,
        "inverse_median_rank": 0.0006711409395973154,
        "median_absolute_deviation": 2194.251283388291,
        "median_rank": 1490.0,
        "standard_deviation": 32912.37351311282,
        "variance": 1083224330.2666502,
        "z_arithmetic_mean_rank": 1444.6163738997927,
        "z_geometric_mean_rank": 950.654076536284,
        "z_hits_at_k": 10565.9934313991,
        "z_inverse_harmonic_mean_rank": 12991.791603051075
      },
      "pessimistic": {
        "adjusted_arithmetic_mean_rank": 0.1304791268452248,
        "adjusted_arithmetic_mean_rank_index": 0.8695281528967304,
        "adjusted_geometric_mean_rank_index": 0.9871014552682956,
        "adjusted_hits_at_k": 0.07127223742586479,
        "adjusted_inverse_harmonic_mean_rank": 0.035536884630050204,
        "arithmetic_mean_rank": 15585.068105028186,
        "count": 921048.0,
        "geometric_mean_rank": 1133.9453090108966,
        "harmonic_mean_rank": 28.09836111812978,
        "hits_at_1": 0.014685445275381957,
        "hits_at_10": 0.07131115859325464,
        "hits_at_3": 0.03000820804127472,
        "hits_at_5": 0.042516785227262856,
        "inverse_arithmetic_mean_rank": 6.416398011615821e-05,
        "inverse_geometric_mean_rank": 0.0008818767466592082,
        "inverse_harmonic_mean_rank": 0.03558926429181574,
        "inverse_median_rank": 0.0006711409395973154,
        "median_absolute_deviation": 2194.251283388291,
        "median_rank": 1490.0,
        "standard_deviation": 32912.388329365574,
        "variance": 1083225305.5429595,
        "z_arithmetic_mean_rank": 1444.6160362434834,
        "z_geometric_mean_rank": 950.6540069538098,
        "z_hits_at_k": 10565.832470916821,
        "z_inverse_harmonic_mean_rank": 12991.74579400283
      },
      "realistic": {
        "adjusted_arithmetic_mean_rank": 0.13047902268871236,
        "adjusted_arithmetic_mean_rank_index": 0.8695282570541147,
        "adjusted_geometric_mean_rank_index": 0.9871014858034344,
        "adjusted_hits_at_k": 0.07127223742586479,
        "adjusted_inverse_harmonic_mean_rank": 0.035536950240155116,
        "arithmetic_mean_rank": 15585.0556640625,
        "count": 921048.0,
        "geometric_mean_rank": 1133.942626953125,
        "harmonic_mean_rank": 28.098309320686436,
        "hits_at_1": 0.014685445275381957,
        "hits_at_10": 0.07131115859325464,
        "hits_at_3": 0.03000820804127472,
        "hits_at_5": 0.042516785227262856,
        "inverse_arithmetic_mean_rank": 6.416402902686968e-05,
        "inverse_geometric_mean_rank": 0.0008818788337521255,
        "inverse_harmonic_mean_rank": 0.03558932989835739,
        "inverse_median_rank": 0.0006711409660056233,
        "median_absolute_deviation": 2194.251283388291,
        "median_rank": 1490.0,
        "standard_deviation": 32912.37890625,
        "variance": 1083224704.0,
        "z_arithmetic_mean_rank": 1444.6162092884013,
        "z_geometric_mean_rank": 950.6540363614779,
        "z_hits_at_k": 10565.832470916821,
        "z_inverse_harmonic_mean_rank": 12991.769780061639
      }
    },
    "head": {
      "optimistic": {
        "adjusted_arithmetic_mean_rank": 0.18315984586452944,
        "adjusted_arithmetic_mean_rank_index": 0.8168471059506229,
        "adjusted_geometric_mean_rank_index": 0.9389755911304712,
        "adjusted_hits_at_k": 0.004825947312515839,
        "adjusted_inverse_harmonic_mean_rank": 0.003269337264793898,
        "arithmetic_mean_rank": 21521.51441618678,
        "count": 460524.0,
        "geometric_mean_rank": 5272.345249549154,
        "harmonic_mean_rank": 300.8131233502004,
        "hits_at_1": 0.0008772615542295298,
        "hits_at_10": 0.004868367338075757,
        "hits_at_3": 0.0015243505224483414,
        "hits_at_5": 0.0029271004334193223,
        "inverse_arithmetic_mean_rank": 4.64651316195425e-05,
        "inverse_geometric_mean_rank": 0.00018966891443338455,
        "inverse_harmonic_mean_rank": 0.0033243230510120424,
        "inverse_median_rank": 9.83574309039048e-05,
        "median_absolute_deviation": 13739.274758891414,
        "median_rank": 10167.0,
        "standard_deviation": 37179.852627549684,
        "variance": 1382341441.4063134,
        "z_arithmetic_mean_rank": 959.3291726674854,
        "z_geometric_mean_rank": 638.5959729195788,
        "z_hits_at_k": 501.6069318442555,
        "z_inverse_harmonic_mean_rank": 838.0051489208875
      },
      "pessimistic": {
        "adjusted_arithmetic_mean_rank": 0.18316016523824707,
        "adjusted_arithmetic_mean_rank_index": 0.8168467865741872,
        "adjusted_geometric_mean_rank_index": 0.9389751621969628,
        "adjusted_hits_at_k": 0.004825947312515839,