{
  "losses": [
    17.89546826524996,
    17.328247737251676,
    17.22783212267789,
    17.174750056139388,
    17.135887219916373,
    17.110495142785453,
    17.089488970166062,
    17.07277957099989,
    17.059337024041298,
    17.049336916327753,
    17.034860604666598,
    17.027328202653468,
    17.0168376799418,
    17.01108132622031,
    17.002059080791007,
    16.99780301836008,
    16.99104943842196,
    16.984563057928664,
    16.976542291269148,
    16.974259456443278,
    16.969522323485144,
    16.963864856840974,
    16.95887947708738,
    16.954354068342735,
    16.952220755720454,
    16.949582448575732,
    16.94368177957392,
    16.943056293074445,
    16.940440297130912,
    16.934768993611076,
    16.93121550334393,
    16.929359084027514,
    16.927361823617634,
    16.92521457747,
    16.92206503614932,
    16.920415095953615,
    16.918682416998,
    16.91621014450869,
    16.914842427102005,
    16.9115671281689,
    16.909541952532567,
    16.908369850417397,
    16.905153380893864,
    16.90434867535639,
    16.89997329737758,
    16.90378972562355,
    16.899530957233285,
    16.89712925389333,
    16.898492154421355,
    16.895146069448643,
    16.894297935233496,
    16.893119413484996,
    16.8919696407943,
    16.88873780373838,
    16.889142423699408,
    16.88721964935222,
    16.88680238587577,
    16.886525182177632,
    16.882293494254732,
    16.883185704504974,
    16.881794455864593,
    16.881014869703726,
    16.88244845150402,
    16.879579389600174,
    16.87785156572585,
    16.87640982423337,
    16.87781892752037,
    16.875414378531293,
    16.875072531300383,
    16.8748558870313,
    16.872188939174492,
    16.870220186281035,
    16.873592702375692,
    16.868734444926794,
    16.870561096934388,
    16.869755177328386,
    16.868894882117328,
    16.867605558773835,
    16.869372520271835,
    16.867006348697164,
    16.866870996524057,
    16.862113527669663,
    16.864911632135605,
    16.86362134547602,
    16.863358088987265,
    16.86190568730253,
    16.86409783380737,
    16.85865935276022,
    16.86035574368414,
    16.861267022914586,
    16.85892800383897,
    16.85787049492218,
    16.859994131807316,
    16.8580990808782,
    16.855751261313355,
    16.857868894586236,
    16.85677836911539,
    16.85760558647588,
    16.852939205529506,
    16.855547660776214
  ],
  "metrics": {
    "both": {
      "optimistic": {
        "adjusted_arithmetic_mean_rank": 0.13538418493729748,
        "adjusted_arithmetic_mean_rank_index": 0.8646230537388727,
        "adjusted_geometric_mean_rank_index": 0.9868234397318073,
        "adjusted_hits_at_k": 0.07112674488268164,
        "adjusted_inverse_harmonic_mean_rank": 0.03556293449097419,
        "arithmetic_mean_rank": 16170.952347760378,
        "count": 921048.0,
        "geometric_mean_rank": 1158.3648388453296,
        "harmonic_mean_rank": 28.077810445100635,
        "hits_at_1": 0.015580078345536824,
        "hits_at_10": 0.07116567214737994,
        "hits_at_3": 0.028844316474277126,
        "hits_at_5": 0.04085454829715715,
        "inverse_arithmetic_mean_rank": 6.18392769018639e-05,
        "inverse_geometric_mean_rank": 0.0008632858720028231,
        "inverse_harmonic_mean_rank": 0.035615312737980694,
        "inverse_median_rank": 0.0006578947368421052,
        "median_absolute_deviation": 2238.729349943459,
        "median_rank": 1520.0,
        "standard_deviation": 34016.29653745313,
        "variance": 1157108430.1239457,
        "z_arithmetic_mean_rank": 1436.4668062511025,
        "z_geometric_mean_rank": 950.38625678249,
        "z_hits_at_k": 10544.26376629127,
        "z_inverse_harmonic_mean_rank": 13001.26922788334
      },
      "pessimistic": {
        "adjusted_arithmetic_mean_rank": 0.13538436719509192,
        "adjusted_arithmetic_mean_rank_index": 0.8646228714795523,
        "adjusted_geometric_mean_rank_index": 0.9868233755032318,
        "adjusted_hits_at_k": 0.07112565911743401,
        "adjusted_inverse_harmonic_mean_rank": 0.03556284345445428,
        "arithmetic_mean_rank": 16170.97411752699,
        "count": 921048.0,
        "geometric_mean_rank": 1158.3704803703788,
        "harmonic_mean_rank": 28.077882211250213,
        "hits_at_1": 0.015580078345536824,
        "hits_at_10": 0.07116458642763461,
        "hits_at_3": 0.028844316474277126,
        "hits_at_5": 0.04085454829715715,
        "inverse_arithmetic_mean_rank": 6.183919365229489e-05,
        "inverse_geometric_mean_rank": 0.0008632816676062556,
        "inverse_harmonic_mean_rank": 0.03561522170640495,
        "inverse_median_rank": 0.0006578947368421052,
        "median_absolute_deviation": 2238.729349943459,
        "median_rank": 1520.0,
        "standard_deviation": 34016.31007810044,
        "variance": 1157109351.3294773,
        "z_arithmetic_mean_rank": 1436.4665034492484,
        "z_geometric_mean_rank": 950.386194925472,
        "z_hits_at_k": 10544.102805808989,
        "z_inverse_harmonic_mean_rank": 13001.235946313025
      },
      "realistic": {
        "adjusted_arithmetic_mean_rank": 0.1353843059061535,
        "adjusted_arithmetic_mean_rank_index": 0.8646229327690039,
        "adjusted_geometric_mean_rank_index": 0.986823407433386,
        "adjusted_hits_at_k": 0.07112565911743401,
        "adjusted_inverse_harmonic_mean_rank": 0.035562879668850814,
        "arithmetic_mean_rank": 16170.966796875,
        "count": 921048.0,
        "geometric_mean_rank": 1158.36767578125,
        "harmonic_mean_rank": 28.077853662577645,
        "hits_at_1": 0.015580078345536824,
        "hits_at_10": 0.07116458642763461,
        "hits_at_3": 0.028844316474277126,
        "hits_at_5": 0.04085454829715715,
        "inverse_arithmetic_mean_rank": 6.183922232594341e-05,
        "inverse_geometric_mean_rank": 0.0008632837561890483,
        "inverse_harmonic_mean_rank": 0.035615257918834686,
        "inverse_median_rank": 0.0006578947650268674,
        "median_absolute_deviation": 2238.729349943459,
        "median_rank": 1520.0,
        "standard_deviation": 34016.30078125,
        "variance": 1157108608.0,
        "z_arithmetic_mean_rank": 1436.4666052742718,
        "z_geometric_mean_rank": 950.3862256766463,
        "z_hits_at_k": 10544.102805808989,
        "z_inverse_harmonic_mean_rank": 13001.249185746889
      }
    },
    "head": {
      "optimistic": {
        "adjusted_arithmetic_mean_rank": 0.1885606972978719,
        "adjusted_arithmetic_mean_rank_index": 0.8114462085526928,
        "adjusted_geometric_mean_rank_index": 0.9387723377156343,
        "adjusted_hits_at_k": 0.006074578243460767,
        "adjusted_inverse_harmonic_mean_rank": 0.00438565564467711,
        "arithmetic_mean_rank": 22156.121316152905,
        "count": 460524.0,
        "geometric_mean_rank": 5289.902468743951,
        "harmonic_mean_rank": 225.19581546750527,
        "hits_at_1": 0.0017067514396643822,
        "hits_at_10": 0.0061169450452093705,
        "hits_at_3": 0.003018300892027343,
        "hits_at_5": 0.003982420025883559,
        "inverse_arithmetic_mean_rank": 4.513425367782901e-05,
        "inverse_geometric_mean_rank": 0.00018903940212671683,
        "inverse_harmonic_mean_rank": 0.004440579847915937,
        "inverse_median_rank": 9.362419249133976e-05,
        "median_absolute_deviation": 14360.48508844526,
        "median_rank": 10681.0,
        "standard_deviation": 38406.84889500247,
        "variance": 1475086042.0435524,
        "z_arithmetic_mean_rank": 952.986200531484,
        "z_geometric_mean_rank": 638.4577405593097,
        "z_hits_at_k": 631.3891051085158,
        "z_inverse_harmonic_mean_rank": 1124.1428197726977
      },
      "pessimistic": {
        "adjusted_arithmetic_mean_rank": 0.18856097553480583,
        "adjusted_arithmetic_mean_rank_index": 0.811445930313391,
        "adjusted_geometric_mean_rank_index": 0.9387719784450722,
        "adjusted_hits_at_k": 0.006074578243460767,