{
  "losses": [
    17.894016983303388,
    17.326951614269614,
    17.225497745636773,
    17.172448205114573,
    17.13375865704479,
    17.1076948592451,
    17.086337634249194,
    17.069176712489394,
    17.056081423123135,
    17.04640021488333,
    17.032050243979782,
    17.024127475101174,
    17.01457614074989,
    17.00803918139058,
    17.000403396316994,
    16.99593290845129,
    16.98979996066028,
    16.983324494822597,
    16.974654231555053,
    16.97307315517349,
    16.968500206776394,
    16.963198978226732,
    16.95816631901609,
    16.953868556369716,
    16.952458492351017,
    16.949193299423435,
    16.94379071275185,
    16.941780608569186,
    16.940723056910503,
    16.935475127897366,
    16.931857891345842,
    16.929034302573687,
    16.92755062863481,
    16.92521573458247,
    16.92254450123806,
    16.919965023436646,
    16.918802498189006,
    16.916444399331745,
    16.914827147704063,
    16.91177053557233,
    16.910595170726697,
    16.908330207644198,
    16.9059636520883,
    16.90512290943722,
    16.90013662332359,
    16.903899808889697,
    16.900108782050552,
    16.897231397703997,
    16.898813881917324,
    16.894663376585015,
    16.893533551303232,
    16.892381009534358,
    16.89082338993608,
    16.887181164453555,
    16.888501153381398,
    16.8862781861292,
    16.886360880821893,
    16.885200470966556,
    16.88121552827339,
    16.882016738716924,
    16.880976718854477,
    16.880318170839125,
    16.881389604997956,
    16.878528392592816,
    16.876384639816198,
    16.87525750502053,
    16.877257690466795,
    16.874653270783593,
    16.87439871853198,
    16.874649922171745,
    16.870894089933937,
    16.870159962690593,
    16.87298727484478,
    16.867890482452808,
    16.869782439697296,
    16.868820986058406,
    16.868465932113097,
    16.866197820046576,
    16.868050750995103,
    16.866182189900055,
    16.86580075691827,
    16.86206803962801,
    16.863333829285946,
    16.862593378098097,
    16.861560781972102,
    16.860039267940724,
    16.862433894118013,
    16.85746336034633,
    16.8588637941861,
    16.859759468219362,
    16.85801398144054,
    16.85630218998352,
    16.858326065040416,
    16.856795179501386,
    16.85443710025901,
    16.855932885659595,
    16.855936816058165,
    16.856129500746906,
    16.852343389788565,
    16.855235614053644
  ],
  "metrics": {
    "both": {
      "optimistic": {
        "adjusted_arithmetic_mean_rank": 0.1355513492303522,
        "adjusted_arithmetic_mean_rank_index": 0.8644558880462967,
        "adjusted_geometric_mean_rank_index": 0.9865294286412755,
        "adjusted_hits_at_k": 0.06491399613571197,
        "adjusted_inverse_harmonic_mean_rank": 0.030943700198995023,
        "arithmetic_mean_rank": 16190.919272394056,
        "count": 921048.0,
        "geometric_mean_rank": 1184.18934019365,
        "harmonic_mean_rank": 32.261884619832514,
        "hits_at_1": 0.010895197644422441,
        "hits_at_10": 0.06495318376458122,
        "hits_at_3": 0.025206069607664312,
        "hits_at_5": 0.036278239570576125,
        "inverse_arithmetic_mean_rank": 6.176301562475371e-05,
        "inverse_geometric_mean_rank": 0.0008444595522507156,
        "inverse_harmonic_mean_rank": 0.030996329315035268,
        "inverse_median_rank": 0.0006743088334457181,
        "median_absolute_deviation": 2182.390465640246,
        "median_rank": 1483.0,
        "standard_deviation": 33989.89577228812,
        "variance": 1155313014.6110096,
        "z_arithmetic_mean_rank": 1436.1890806370434,
        "z_geometric_mean_rank": 950.1031016723326,
        "z_hits_at_k": 9623.247886683734,
        "z_inverse_harmonic_mean_rank": 11312.54726170436
      },
      "pessimistic": {
        "adjusted_arithmetic_mean_rank": 0.13555153780549575,
        "adjusted_arithmetic_mean_rank_index": 0.8644556994695745,
        "adjusted_geometric_mean_rank_index": 0.9865293693870426,
        "adjusted_hits_at_k": 0.06491399613571197,
        "adjusted_inverse_harmonic_mean_rank": 0.03094367312067629,
        "arithmetic_mean_rank": 16190.941796735891,
        "count": 921048.0,
        "geometric_mean_rank": 1184.1945447966866,
        "harmonic_mean_rank": 32.26191280223128,
        "hits_at_1": 0.010895197644422441,
        "hits_at_10": 0.06495318376458122,
        "hits_at_3": 0.025206069607664312,
        "hits_at_5": 0.036278239570576125,
        "inverse_arithmetic_mean_rank": 6.176292970193994e-05,
        "inverse_geometric_mean_rank": 0.0008444558408024833,
        "inverse_harmonic_mean_rank": 0.030996302238187147,
        "inverse_median_rank": 0.0006743088334457181,
        "median_absolute_deviation": 2182.390465640246,
        "median_rank": 1483.0,
        "standard_deviation": 33989.90980201551,
        "variance": 1155313968.3491497,
        "z_arithmetic_mean_rank": 1436.1887673395886,
        "z_geometric_mean_rank": 950.103044605986,
        "z_hits_at_k": 9623.247886683734,
        "z_inverse_harmonic_mean_rank": 11312.53736228191
      },
      "realistic": {
        "adjusted_arithmetic_mean_rank": 0.13555141189872527,
        "adjusted_arithmetic_mean_rank_index": 0.864455825377399,
        "adjusted_geometric_mean_rank_index": 0.9865293967806937,
        "adjusted_hits_at_k": 0.06491399613571197,
        "adjusted_inverse_harmonic_mean_rank": 0.03094368420170114,
        "arithmetic_mean_rank": 16190.9267578125,
        "count": 921048.0,
        "geometric_mean_rank": 1184.192138671875,
        "harmonic_mean_rank": 32.26190126938741,
        "hits_at_1": 0.010895197644422441,
        "hits_at_10": 0.06495318376458122,
        "hits_at_3": 0.025206069607664312,
        "hits_at_5": 0.036278239570576125,
        "inverse_arithmetic_mean_rank": 6.1762984842062e-05,
        "inverse_geometric_mean_rank": 0.0008444575360044837,
        "inverse_harmonic_mean_rank": 0.03099631331861019,
        "inverse_median_rank": 0.0006743088597431779,
        "median_absolute_deviation": 2182.390465640246,
        "median_rank": 1483.0,
        "standard_deviation": 33989.90625,
        "variance": 1155313664.0,
        "z_arithmetic_mean_rank": 1436.1889765202366,
        "z_geometric_mean_rank": 950.1030709881619,
        "z_hits_at_k": 9623.247886683734,
        "z_inverse_harmonic_mean_rank": 11312.541413336454
      }
    },
    "head": {
      "optimistic": {
        "adjusted_arithmetic_mean_rank": 0.1887944109631642,
        "adjusted_arithmetic_mean_rank_index": 0.8112124928983526,
        "adjusted_geometric_mean_rank_index": 0.9383585001325982,
        "adjusted_hits_at_k": 0.005321056620786176,
        "adjusted_inverse_harmonic_mean_rank": 0.004001553065258653,
        "arithmetic_mean_rank": 22183.5829685315,
        "count": 460524.0,
        "geometric_mean_rank": 5325.650144433631,
        "harmonic_mean_rank": 246.5180278914884,
        "hits_at_1": 0.001602522344112359,
        "hits_at_10": 0.005363455541947868,
        "hits_at_3": 0.0024862982168138903,
        "hits_at_5": 0.0033592168920620856,
        "inverse_arithmetic_mean_rank": 4.5078380774582225e-05,
        "inverse_geometric_mean_rank": 0.00018777050179407672,
        "inverse_harmonic_mean_rank": 0.004056498457955283,
        "inverse_median_rank": 9.233610341643582e-05,
        "median_absolute_deviation": 14611.044863372706,
        "median_rank": 10830.0,
        "standard_deviation": 38216.66864170898,
        "variance": 1460513762.0701828,
        "z_arithmetic_mean_rank": 952.7117180197822,
        "z_geometric_mean_rank": 638.176290203767,
        "z_hits_at_k": 553.0683848951275,
        "z_inverse_harmonic_mean_rank": 1025.6886337415872
      },
      "pessimistic": {
        "adjusted_arithmetic_mean_rank": 0.1887946984401664,
        "adjusted_arithmetic_mean_rank_index": 0.8112122054189038,
        "adjusted_geometric_mean_rank_index": 0.9383581224839511,
        "adjusted_hits_at_k": 0.005321056620786176,