{
  "losses": [
    2.4171028209186516,
    0.8669870046690612,
    0.7390260274639522,
    0.6678397971732939,
    0.6190630397311577,
    0.5884422852454284,
    0.5677081069403254,
    0.5534414803446698,
    0.5412871943721511,
    0.5308269768158153,
    0.52151371719209,
    0.5131686506725603,
    0.5055343722049696,
    0.49893787917807875,
    0.49327397333657896,
    0.4888435761097937,
    0.48493957598634135,
    0.4810540168243292,
    0.4778167469682728,
    0.4745380290767893,
    0.4716270901987525,
    0.46941706587070225,
    0.46671526489355886,
    0.4644313931895866,
    0.4622611689105373,
    0.4600793340923125,
    0.4582383054711873,
    0.45606127479064457,
    0.45417250605872633,
    0.45211830310701595,
    0.4498209008007927,
    0.44789078337590255,
    0.4459819911610027,
    0.444247831721449,
    0.44230311358965657,
    0.4408549235894522,
    0.43906075963797075,
    0.4377471089379664,
    0.4361967003845784,
    0.43471180525851155,
    0.43348715264658716,
    0.43191656551472407,
    0.43037338960313215,
    0.42912917975553744,
    0.42795614672906535,
    0.4266327385225847,
    0.42542579257783125,
    0.4241271848609674,
    0.4228417416698009,
    0.42140171590316555
  ],
  "metrics": {
    "both": {
      "optimistic": {
        "adjusted_arithmetic_mean_rank": 0.03225420895419148,
        "adjusted_arithmetic_mean_rank_index": 0.9677538782588627,
        "adjusted_geometric_mean_rank_index": 0.9968057961015617,
        "adjusted_hits_at_k": 0.15339926103542134,
        "adjusted_inverse_harmonic_mean_rank": 0.06371577517634287,
        "arithmetic_mean_rank": 3859.6900559144456,
        "count": 921050.0,
        "geometric_mean_rank": 282.11147944321783,
        "harmonic_mean_rank": 15.682208754542465,
        "hits_at_1": 0.023149666141903263,
        "hits_at_10": 0.1534346669561913,
        "hits_at_3": 0.06027685793387981,
        "hits_at_5": 0.09249334998099995,
        "inverse_arithmetic_mean_rank": 0.000259088161358355,
        "inverse_geometric_mean_rank": 0.0035446980107779543,
        "inverse_harmonic_mean_rank": 0.06376652776735565,
        "inverse_median_rank": 0.002544529262086514,
        "median_absolute_deviation": 573.7670585616679,
        "median_rank": 393.0,
        "standard_deviation": 13523.817470570002,
        "variance": 182893638.9772944,
        "z_arithmetic_mean_rank": 1607.9797064226386,
        "z_geometric_mean_rank": 954.6579378709382,
        "z_hits_at_k": 22764.450580089506,
        "z_inverse_harmonic_mean_rank": 23317.69174615603
      },
      "pessimistic": {
        "adjusted_arithmetic_mean_rank": 0.03225457949538041,
        "adjusted_arithmetic_mean_rank_index": 0.9677535077145774,
        "adjusted_geometric_mean_rank_index": 0.9968056894695744,
        "adjusted_hits_at_k": 0.15339491798423838,
        "adjusted_inverse_harmonic_mean_rank": 0.06371276178435413,
        "arithmetic_mean_rank": 3859.734396612562,
        "count": 921050.0,
        "geometric_mean_rank": 282.12086377705145,
        "harmonic_mean_rank": 15.682949837918379,
        "hits_at_1": 0.023145323272352206,
        "hits_at_10": 0.15343032408664026,
        "hits_at_3": 0.06027685793387981,
        "hits_at_5": 0.09249009282883665,
        "inverse_arithmetic_mean_rank": 0.0002590851849489009,
        "inverse_geometric_mean_rank": 0.003544580101634238,
        "inverse_harmonic_mean_rank": 0.06376351453871203,
        "inverse_median_rank": 0.002544529262086514,
        "median_absolute_deviation": 573.7670585616679,
        "median_rank": 393.0,
        "standard_deviation": 13523.886153356145,
        "variance": 182895496.68893808,
        "z_arithmetic_mean_rank": 1607.9790907416223,
        "z_geometric_mean_rank": 954.6578357476625,
        "z_hits_at_k": 22763.80607128709,
        "z_inverse_harmonic_mean_rank": 23316.588952612212
      },
      "realistic": {
        "adjusted_arithmetic_mean_rank": 0.03225438753540895,
        "adjusted_arithmetic_mean_rank_index": 0.9677536996761529,
        "adjusted_geometric_mean_rank_index": 0.9968057357501827,
        "adjusted_hits_at_k": 0.15339491798423838,
        "adjusted_inverse_harmonic_mean_rank": 0.06371384179948231,
        "arithmetic_mean_rank": 3859.71142578125,
        "count": 921050.0,
        "geometric_mean_rank": 282.1167907714844,
        "harmonic_mean_rank": 15.682684221786493,
        "hits_at_1": 0.023145323272352206,
        "hits_at_10": 0.15343032408664026,
        "hits_at_3": 0.06027685793387981,
        "hits_at_5": 0.09249009282883665,
        "inverse_arithmetic_mean_rank": 0.00025908672250807285,
        "inverse_geometric_mean_rank": 0.0035446311812847853,
        "inverse_harmonic_mean_rank": 0.06376459449529648,
        "inverse_median_rank": 0.0025445292703807354,
        "median_absolute_deviation": 573.7670585616679,
        "median_rank": 393.0,
        "standard_deviation": 13523.8525390625,
        "variance": 182894592.0,
        "z_arithmetic_mean_rank": 1607.9794096970147,
        "z_geometric_mean_rank": 954.6578800713916,
        "z_hits_at_k": 22763.80607128709,
        "z_inverse_harmonic_mean_rank": 23316.98419946859
      }
    },
    "head": {
      "optimistic": {
        "adjusted_arithmetic_mean_rank": 0.04992071257280209,
        "adjusted_arithmetic_mean_rank_index": 0.9500873442435971,
        "adjusted_geometric_mean_rank_index": 0.9869851534876598,
        "adjusted_hits_at_k": 0.02660217605157483,
        "adjusted_inverse_harmonic_mean_rank": 0.013016515102379469,
        "arithmetic_mean_rank": 5886.821156289018,
        "count": 460525.0,
        "geometric_mean_rank": 1129.4697544508786,
        "harmonic_mean_rank": 76.50660819802275,
        "hits_at_1": 0.003163780467944194,
        "hits_at_10": 0.026643504695727703,
        "hits_at_3": 0.009209054883013951,
        "hits_at_5": 0.01458118451767005,
        "inverse_arithmetic_mean_rank": 0.00016987096659657792,
        "inverse_geometric_mean_rank": 0.0008853712072052574,
        "inverse_harmonic_mean_rank": 0.013070766350165347,
        "inverse_median_rank": 0.0006648936170212766,
        "median_absolute_deviation": 2133.464592429561,
        "median_rank": 1504.0,
        "standard_deviation": 16480.051748981798,
        "variance": 271592105.64911795,
        "z_arithmetic_mean_rank": 1115.9988782403702,
        "z_geometric_mean_rank": 672.376758229487,
        "z_hits_at_k": 2770.474572301365,
        "z_inverse_harmonic_mean_rank": 3343.008271455035
      },
      "pessimistic": {
        "adjusted_arithmetic_mean_rank": 0.04992117343689129,
        "adjusted_arithmetic_mean_rank_index": 0.9500868833755997,
        "adjusted_geometric_mean_rank_index": 0.9869846342244933,
        "adjusted_hits_at_k": 0.026597832997625855,
        "adjusted_inverse_harmonic_mean_rank": 0.013015926217399656,
        "arithmetic_mean_rank": 5886.87550295858,
        "count": 460525.0,
        "geometric_mean_rank": 1129.51477786145,
        "harmonic_mean_rank": 76.51005506138664,
        "hits_at_1": 0.003163780467944194,
        "hits_at_10": 0.026639161826176646,
        "hits_at_3": 0.009209054883013951,
        "hits_at_5": 0.014579013082894523,
        "inverse_arithmetic_mean_rank": 0.00016986939837566257,
        "inverse_geometric_mean_rank": 0.0008853359155630837,
        "inverse_harmonic_mean_rank": 0.013070177497554613,
        "inverse_median_rank": 0.0006648936170212766,
        "median_absolute_deviation": 2133.464592429561,
        "median_rank": 1504.0,
        "standard_deviation": 16480.10029027933,
        "variance": 271593705.57766485,
        "z_arithmetic_mean_rank": 1115.998336892071,
        "z_geometric_mean_rank": 672.3764044850732,
        "z_hits_at_k": 2770.022266425769,
        "z_inverse_harmonic_mean_rank": 3342.857029179897
      },
      "realistic": {
        "adjusted_arithmetic_mean_rank": 0.04992093729458321,
        "adjusted_arithmetic_mean_rank_index": 0.9500871195199103,